{
  "total_return": -0.18750171793636994,
  "annualized_return": -0.09862647652773336,
  "sharpe_ratio": -0.8693065927843397,
  "max_drawdown": 0.2188433310931162,
  "mean_ic": 0.1367374258940524,
  "ic_ir": 0.37971634317010633,
  "alpha_annualized": -0.08974571638998279,
  "beta": -0.04346621222414014
}