{
  "intermediates": {
    "num_posts": {
      "value": 26217
    },
    "num_tickers": {
      "value": 8
    },
    "num_scored_nonzero": {
      "value": 17155
    },
    "mean_weighted_score": {
      "value": 0.052904724235956185
    },
    "num_signal_days": {
      "value": 499
    },
    "num_ic_observations": {
      "value": 498
    },
    "mean_ic": {
      "value": 0.1367374258940524
    },
    "std_ic": {
      "value": 0.3601041365575261
    },
    "ic_ir": {
      "value": 0.37971634317010633
    },
    "annualized_volatility": {
      "value": 0.1134541913593895
    },
    "win_rate": {
      "value": 0.4598393574297189
    },
    "alpha_daily": {
      "value": -0.00035613379519834436
    },
    "beta": {
      "value": -0.04346621222414014
    },
    "r_squared": {
      "value": 0.0024099989815217692
    },
    "alpha_tstat": {
      "value": -0.008968805703850011
    }
  }
}